Residence (District),Uttarkashi - Rural,Uttarkashi - Total,Chamoli - Rural,Chamoli - Total,Rudraprayag - Rural,Rudraprayag - Total,Tehri Garhwal - Rural,Tehri Garhwal - Total,Dehradun - Urban,Dehradun - Rural,Dehradun - Total,Garhwal - Rural,Garhwal - Total,Pithoragarh - Rural,Pithoragarh - Total,Bageshwar - Rural,Bageshwar - Total,Almora - Rural,Almora - Total,Champawat - Rural,Champawat - Total,Nainital - Urban,Nainital - Rural,Nainital - Total,Udham Singh Nagar - Urban,Udham Singh Nagar - Rural,Udham Singh Nagar - Total,Hardwar - Urban,Hardwar - Rural,Hardwar - Total,,Note of Uttarkashi - Rural,Note of Uttarkashi - Total,Note of Chamoli - Rural,Note of Chamoli - Total,Note of Rudraprayag - Rural,Note of Rudraprayag - Total,Note of Tehri Garhwal - Rural,Note of Tehri Garhwal - Total,Note of Dehradun - Urban,Note of Dehradun - Rural,Note of Dehradun - Total,Note of Garhwal - Rural,Note of Garhwal - Total,Note of Pithoragarh - Rural,Note of Pithoragarh - Total,Note of Bageshwar - Rural,Note of Bageshwar - Total,Note of Almora - Rural,Note of Almora - Total,Note of Champawat - Rural,Note of Champawat - Total,Note of Nainital - Urban,Note of Nainital - Rural,Note of Nainital - Total,Note of Udham Singh Nagar - Urban,Note of Udham Singh Nagar - Rural,Note of Udham Singh Nagar - Total,Note of Hardwar - Urban,Note of Hardwar - Rural,Note of Hardwar - Total,,,,,,,,,,,,,,,,,,
Households surveyed,795.00,878.00,742.00,870.00,845.00,888.00,791.00,891.00,913.00,915.00,1828.00,731.00,871.00,764.00,911.00,885.00,926.00,785.00,883.00,737.00,881.00,875.00,914.00,1789.00,868.00,902.00,1770.00,871.00,914.00,1785.00,,NA,NA,NA,NA,NA,NA,NA,NA,NA,NA,NA,NA,NA,NA,NA,NA,NA,NA,NA,NA,NA,NA,NA,NA,NA,NA,NA,NA,NA,NA,,,,,,,,,,,,,,,,,,
Women age 15-49 years interviewed,912.00,994.00,729.00,849.00,865.00,905.00,871.00,984.00,981.00,1051.00,2032.00,773.00,939.00,705.00,862.00,1028.00,1072.00,844.00,931.00,827.00,996.00,1061.00,1109.00,2170.00,1092.00,1153.00,2245.00,1101.00,1220.00,2321.00,,NA,NA,NA,NA,NA,NA,NA,NA,NA,NA,NA,NA,NA,NA,NA,NA,NA,NA,NA,NA,NA,NA,NA,NA,NA,NA,NA,NA,NA,NA,,,,,,,,,,,,,,,,,,
Men age 15-49 years interviewed,118.00,139.00,70.00,85.00,79.00,84.00,81.00,93.00,114.00,117.00,231.00,97.00,122.00,68.00,94.00,100.00,107.00,61.00,76.00,64.00,101.00,126.00,138.00,264.00,142.00,148.00,290.00,131.00,177.00,308.00,,NA,NA,NA,NA,NA,NA,NA,NA,NA,NA,NA,NA,NA,NA,NA,NA,NA,NA,NA,NA,NA,NA,NA,NA,NA,NA,NA,NA,NA,NA,,,,,,,,,,,,,,,,,,
1. Population (female) age 6+ years who ever attended school (%),64.10,65.80,71.00,74.30,69.50,70.80,61.00,65.80,83.10,74.30,79.90,73.00,75.60,68.10,71.80,72.60,73.30,68.00,69.70,68.80,70.50,83.10,78.10,80.10,74.00,64.90,68.30,72.80,66.30,69.00,,NA,NA,NA,NA,NA,NA,NA,NA,NA,NA,NA,NA,NA,NA,NA,NA,NA,NA,NA,NA,NA,NA,NA,NA,NA,NA,NA,NA,NA,NA,,,,,,,,,,,,,,,,,,
2. Population below age 15 years (%),30.00,29.70,28.80,29.80,28.80,28.90,29.00,29.30,22.30,27.10,24.10,27.00,27.30,26.20,27.20,29.50,29.50,29.40,28.80,31.50,31.20,25.00,31.50,28.80,31.50,30.80,31.10,29.30,33.80,31.90,,NA,NA,NA,NA,NA,NA,NA,NA,NA,NA,NA,NA,NA,NA,NA,NA,NA,NA,NA,NA,NA,NA,NA,NA,NA,NA,NA,NA,NA,NA,,,,,,,,,,,,,,,,,,
3. Sex ratio of the total population (females per 1000 males),1046.00,1031.00,1177.00,1150.00,1192.00,1169.00,1178.00,1161.00,918.00,968.00,936.00,1249.00,1210.00,1075.00,1069.00,1143.00,1144.00,1302.00,1259.00,1201.00,1154.00,946.00,1049.00,1005.00,879.00,983.00,941.00,905.00,948.00,929.00,,NA,NA,NA,NA,NA,NA,NA,NA,NA,NA,NA,NA,NA,NA,NA,NA,NA,NA,NA,NA,NA,NA,NA,NA,NA,NA,NA,NA,NA,NA,,,,,,,,,,,,,,,,,,
4. Sex ratio at birth for children born in the last five years (females per 1000 males),821.00,825.00,970.00,950.00,911.00,879.00,913.00,953.00,804.00,866.00,832.00,756.00,705.00,791.00,758.00,874.00,879.00,1014.00,986.00,1022.00,991.00,816.00,877.00,854.00,943.00,951.00,948.00,773.00,1042.00,921.00,,NA,NA,NA,NA,NA,NA,NA,NA,NA,NA,NA,NA,NA,NA,NA,NA,NA,NA,NA,NA,NA,NA,NA,NA,NA,NA,NA,NA,NA,NA,,,,,,,,,,,,,,,,,,
5. Children under age 5 years whose birth was registered (%),66.60,67.90,89.40,89.70,77.80,78.60,77.00,79.70,90.70,83.60,87.40,77.90,79.10,86.20,88.40,69.50,69.50,75.00,75.80,81.90,83.70,86.00,73.30,78.20,67.90,72.80,70.80,79.40,63.00,69.90,,NA,NA,NA,NA,NA,NA,NA,NA,NA,NA,NA,NA,NA,NA,NA,NA,NA,NA,NA,NA,NA,NA,NA,NA,NA,NA,NA,NA,NA,NA,,,,,,,,,,,,,,,,,,
6. Households with electricity (%),92.40,93.10,94.50,95.50,98.70,98.80,97.70,98.10,99.90,98.50,99.40,97.80,98.10,96.70,97.30,97.40,97.50,96.00,96.40,90.40,91.70,99.60,97.80,98.60,98.20,94.70,96.10,98.90,96.90,97.80,,NA,NA,NA,NA,NA,NA,NA,NA,NA,NA,NA,NA,NA,NA,NA,NA,NA,NA,NA,NA,NA,NA,NA,NA,NA,NA,NA,NA,NA,NA,,,,,,,,,,,,,,,,,,
7. Households with an improved drinking-water source1 (%),72.90,75.10,91.80,93.20,85.70,86.50,72.20,77.40,99.70,99.20,99.50,86.00,88.10,81.60,83.90,83.20,83.00,82.30,83.90,87.70,89.50,98.70,93.70,95.90,97.00,98.00,97.60,99.20,99.00,99.10,,NA,NA,NA,NA,NA,NA,NA,NA,NA,NA,NA,NA,NA,NA,NA,NA,NA,NA,NA,NA,NA,NA,NA,NA,NA,NA,NA,NA,NA,NA,,,,,,,,,,,,,,,,,,
8. Households using improved sanitation facility2 (%),45.10,48.50,59.20,62.40,66.20,67.60,60.40,65.80,76.50,74.00,75.60,63.40,66.20,60.80,62.70,66.50,67.40,62.90,65.00,57.90,59.50,80.60,67.10,73.00,63.20,51.60,56.20,66.90,48.70,56.90,,NA,NA,NA,NA,NA,NA,NA,NA,NA,NA,NA,NA,NA,NA,NA,NA,NA,NA,NA,NA,NA,NA,NA,NA,NA,NA,NA,NA,NA,NA,,,,,,,,,,,,,,,,,,
9. Households using clean fuel for cooking3 (%),21.60,28.20,22.50,34.80,27.40,32.50,20.10,35.10,94.50,67.50,84.90,25.40,35.40,24.60,36.80,19.80,23.00,20.00,26.60,23.00,30.40,88.70,42.90,62.80,79.20,34.80,52.60,72.70,24.20,46.20,,NA,NA,NA,NA,NA,NA,NA,NA,NA,NA,NA,NA,NA,NA,NA,NA,NA,NA,NA,NA,NA,NA,NA,NA,NA,NA,NA,NA,NA,NA,,,,,,,,,,,,,,,,,,
10. Households using iodized salt (%),92.80,93.40,82.70,85.60,86.00,87.00,96.70,97.30,99.60,98.10,99.10,95.20,95.90,93.80,94.60,94.80,94.80,84.40,85.90,94.80,95.40,98.60,92.40,95.10,97.50,95.40,96.30,96.90,96.10,96.50,,NA,NA,NA,NA,NA,NA,NA,NA,NA,NA,NA,NA,NA,NA,NA,NA,NA,NA,NA,NA,NA,NA,NA,NA,NA,NA,NA,NA,NA,NA,,,,,,,,,,,,,,,,,,
11. Households with any usual member covered by a health scheme or health insurance (%),32.50,32.30,20.10,18.80,30.50,29.90,37.00,37.40,30.20,33.20,31.20,16.20,15.90,19.70,20.90,34.50,34.20,15.70,16.10,14.70,15.40,13.20,13.40,13.40,6.40,13.00,10.30,8.50,4.60,6.40,,NA,NA,NA,NA,NA,NA,NA,NA,NA,NA,NA,NA,NA,NA,NA,NA,NA,NA,NA,NA,NA,NA,NA,NA,NA,NA,NA,NA,NA,NA,,,,,,,,,,,,,,,,,,
12. Women who are literate (%),69.30,71.20,84.10,85.80,82.60,83.30,73.00,77.10,87.40,79.40,84.60,86.20,87.20,75.70,79.00,79.00,79.50,78.40,79.70,72.70,74.00,87.50,83.00,84.90,69.70,63.60,66.00,73.30,61.10,66.50,,NA,NA,NA,NA,NA,NA,NA,NA,NA,NA,NA,NA,NA,NA,NA,NA,NA,NA,NA,NA,NA,NA,NA,NA,NA,NA,NA,NA,NA,NA,,,,,,,,,,,,,,,,,,
13. Men who are literate (%),92.90,92.60,97.20,95.90,97.70,98.00,89.90,91.90,98.00,90.10,95.50,98.00,96.00,89.70,92.50,93.60,94.00,98.00,98.40,86.60,87.50,93.70,94.70,94.20,81.70,84.00,83.00,89.50,82.90,85.40,,NA,NA,NA,NA,NA,NA,NA,NA,NA,NA,NA,NA,NA,NA,NA,NA,NA,NA,NA,NA,NA,NA,NA,NA,NA,NA,NA,NA,NA,NA,,,,,,,,,,,,,,,,,,
14. Women with 10 or more years of schooling (%),37.00,40.20,45.30,49.80,50.10,52.10,48.30,53.80,64.80,52.20,60.30,48.40,51.80,32.50,38.70,41.90,42.80,38.50,41.10,34.80,38.30,59.10,47.10,52.20,43.50,31.10,36.00,37.40,22.50,29.10,,NA,NA,NA,NA,NA,NA,NA,NA,NA,NA,NA,NA,NA,NA,NA,NA,NA,NA,NA,NA,NA,NA,NA,NA,NA,NA,NA,NA,NA,NA,,,,,,,,,,,,,,,,,,
15. Women age 20-24 years married before age 18 years (%),12.00,11.60,10.40,10.60,9.70,9.10,11.60,10.00,8.30,10.40,9.00,6.00,6.20,33.60,26.60,20.40,20.10,9.80,9.10,17.10,17.70,12.90,17.00,15.30,23.00,17.50,19.60,12.40,17.70,15.40,,NA,NA,NA,NA,NA,NA,NA,NA,NA,NA,NA,NA,NA,NA,NA,NA,NA,NA,NA,NA,NA,NA,NA,NA,NA,NA,NA,NA,NA,NA,,,,,,,,,,,,,,,,,,
16. Men age 25-29 years married before age 21 years (%),NA,NA,NA,NA,NA,NA,NA,NA,-3.30,NA,-8.20,NA,NA,NA,NA,NA,NA,NA,NA,NA,NA,NA,NA,-5.90,-43.00,-41.90,42.40,NA,-29.90,-31.30,,*,*,*,*,*,*,*,*,NA,*,NA,*,*,*,*,*,*,*,*,*,*,*,*,NA,NA,NA,NA,*,NA,NA,,,,,,,,,,,,,,,,,,
17. Women age 15-19 years who were already mothers or pregnant at the time of the survey (%),5.70,5.40,1.40,1.30,2.20,2.10,0.00,0.00,1.10,2.80,1.70,4.50,3.90,8.00,6.80,4.30,4.10,0.80,0.80,3.40,4.20,1.20,3.40,2.50,5.80,4.20,4.80,2.10,2.90,2.60,,NA,NA,NA,NA,NA,NA,NA,NA,NA,NA,NA,NA,NA,NA,NA,NA,NA,NA,NA,NA,NA,NA,NA,NA,NA,NA,NA,NA,NA,NA,,,,,,,,,,,,,,,,,,
18. Any method (%),68.30,68.50,61.40,60.20,59.60,61.00,62.50,64.30,60.10,59.30,59.80,65.50,67.20,69.70,70.10,57.40,57.90,56.50,57.10,64.00,63.30,51.00,46.70,48.50,41.10,35.90,38.00,46.40,37.50,41.50,,NA,NA,NA,NA,NA,NA,NA,NA,NA,NA,NA,NA,NA,NA,NA,NA,NA,NA,NA,NA,NA,NA,NA,NA,NA,NA,NA,NA,NA,NA,,,,,,,,,,,,,,,,,,
19. Any modern method (%),64.90,64.90,60.00,58.40,58.20,59.10,60.60,62.70,53.00,53.30,53.10,60.90,62.30,66.30,66.80,54.70,54.70,53.90,54.70,60.40,59.20,46.30,43.90,44.90,36.60,34.10,35.10,41.50,33.10,36.90,,NA,NA,NA,NA,NA,NA,NA,NA,NA,NA,NA,NA,NA,NA,NA,NA,NA,NA,NA,NA,NA,NA,NA,NA,NA,NA,NA,NA,NA,NA,,,,,,,,,,,,,,,,,,
20. Female sterilization (%),51.50,50.10,48.60,46.90,47.40,46.60,45.70,43.40,20.90,28.10,23.50,42.80,41.50,53.30,50.50,41.00,40.60,37.90,37.40,47.70,44.20,17.40,25.20,22.00,10.70,15.60,13.60,12.60,12.10,12.30,,NA,NA,NA,NA,NA,NA,NA,NA,NA,NA,NA,NA,NA,NA,NA,NA,NA,NA,NA,NA,NA,NA,NA,NA,NA,NA,NA,NA,NA,NA,,,,,,,,,,,,,,,,,,
21. Male sterilization (%),1.20,1.10,1.40,1.20,0.50,0.50,0.20,0.10,0.70,0.60,0.70,0.70,0.60,0.60,0.70,2.90,2.80,1.90,1.70,1.00,1.00,1.10,2.70,2.10,0.00,0.00,0.00,0.10,0.10,0.10,,NA,NA,NA,NA,NA,NA,NA,NA,NA,NA,NA,NA,NA,NA,NA,NA,NA,NA,NA,NA,NA,NA,NA,NA,NA,NA,NA,NA,NA,NA,,,,,,,,,,,,,,,,,,
22. IUD/PPIUD (%),0.50,0.90,0.40,0.30,1.00,1.20,1.80,2.60,1.50,2.10,1.70,2.40,3.20,2.20,2.30,2.10,2.20,1.40,1.40,1.00,1.00,3.10,0.90,1.80,1.90,0.80,1.30,1.70,0.80,1.20,,NA,NA,NA,NA,NA,NA,NA,NA,NA,NA,NA,NA,NA,NA,NA,NA,NA,NA,NA,NA,NA,NA,NA,NA,NA,NA,NA,NA,NA,NA,,,,,,,,,,,,,,,,,,
23. Pill (%),1.20,1.60,2.20,2.30,2.30,2.30,2.70,2.40,2.80,4.10,3.30,3.20,3.70,1.50,1.60,1.00,0.90,2.00,2.40,1.70,2.30,5.20,4.60,4.90,2.70,2.70,2.70,7.40,2.90,4.90,,NA,NA,NA,NA,NA,NA,NA,NA,NA,NA,NA,NA,NA,NA,NA,NA,NA,NA,NA,NA,NA,NA,NA,NA,NA,NA,NA,NA,NA,NA,,,,,,,,,,,,,,,,,,
24. Condom (%),10.60,11.30,7.40,7.70,6.80,8.30,10.20,14.10,26.80,18.00,23.60,11.60,13.20,8.70,11.80,7.80,8.20,10.70,11.80,8.90,10.40,18.80,10.00,13.70,21.20,14.70,17.30,19.20,16.40,17.70,,NA,NA,NA,NA,NA,NA,NA,NA,NA,NA,NA,NA,NA,NA,NA,NA,NA,NA,NA,NA,NA,NA,NA,NA,NA,NA,NA,NA,NA,NA,,,,,,,,,,,,,,,,,,
25. Total unmet need (%),11.00,11.20,13.30,14.20,11.90,11.60,16.00,15.60,9.00,16.30,11.70,16.50,15.60,10.20,11.60,18.00,17.80,14.50,14.80,13.20,13.60,15.70,20.00,18.20,20.40,18.30,19.10,15.10,20.10,17.80,,NA,NA,NA,NA,NA,NA,NA,NA,NA,NA,NA,NA,NA,NA,NA,NA,NA,NA,NA,NA,NA,NA,NA,NA,NA,NA,NA,NA,NA,NA,,,,,,,,,,,,,,,,,,
26. Unmet need for spacing (%),4.40,4.50,6.70,6.50,4.60,4.60,7.20,5.80,2.20,6.50,3.80,4.80,4.30,4.00,4.10,6.80,6.70,6.40,6.30,4.80,4.60,4.60,6.20,5.60,7.00,7.50,7.30,4.50,4.90,4.70,,NA,NA,NA,NA,NA,NA,NA,NA,NA,NA,NA,NA,NA,NA,NA,NA,NA,NA,NA,NA,NA,NA,NA,NA,NA,NA,NA,NA,NA,NA,,,,,,,,,,,,,,,,,,
27. Health worker ever talked to female non-users about family planning5 (%),20.60,20.80,20.10,20.30,20.80,20.40,19.60,19.50,16.60,17.90,17.00,15.20,16.40,9.60,12.30,16.20,15.70,15.20,16.00,9.80,10.80,11.70,12.20,12.00,9.30,16.30,13.70,14.10,13.20,13.60,,NA,NA,NA,NA,NA,NA,NA,NA,NA,NA,NA,NA,NA,NA,NA,NA,NA,NA,NA,NA,NA,NA,NA,NA,NA,NA,NA,NA,NA,NA,,,,,,,,,,,,,,,,,,
28. Current users ever told about side effects of current method (%),41.30,42.90,37.90,44.70,36.10,36.10,47.20,49.10,-41.30,58.40,49.60,42.50,42.60,59.20,63.10,51.90,53.30,30.80,32.10,53.80,54.20,43.70,40.60,41.80,-51.30,-35.20,42.30,40.20,-38.30,39.40,,NA,NA,NA,NA,NA,NA,NA,NA,NA,NA,NA,NA,NA,NA,NA,NA,NA,NA,NA,NA,NA,NA,NA,NA,NA,NA,NA,NA,NA,NA,,,,,,,,,,,,,,,,,,
29. Mothers who had antenatal check-up in the first trimester (%),42.50,43.80,47.00,49.20,51.80,55.50,48.20,53.80,75.20,68.10,71.90,59.50,61.40,48.90,49.90,41.10,42.00,56.30,57.70,41.90,43.70,80.90,55.80,65.70,49.40,44.50,46.40,53.30,33.80,42.60,,NA,NA,NA,NA,NA,NA,NA,NA,NA,NA,NA,NA,NA,NA,NA,NA,NA,NA,NA,NA,NA,NA,NA,NA,NA,NA,NA,NA,NA,NA,,,,,,,,,,,,,,,,,,
30. Mothers who had at least 4 antenatal care visits (%),20.30,22.20,17.80,20.30,11.50,17.20,17.30,23.80,43.60,51.20,47.10,33.10,36.40,23.10,30.80,22.70,23.40,28.40,31.70,26.10,29.00,53.40,31.80,40.40,33.20,22.10,26.60,33.90,16.30,24.20,,NA,NA,NA,NA,NA,NA,NA,NA,NA,NA,NA,NA,NA,NA,NA,NA,NA,NA,NA,NA,NA,NA,NA,NA,NA,NA,NA,NA,NA,NA,,,,,,,,,,,,,,,,,,
31. Mothers whose last birth was protected against neonatal tetanus6 (%),92.80,93.20,91.80,90.70,95.00,95.40,91.40,92.60,98.00,97.00,97.50,96.40,95.60,91.70,92.70,91.90,92.10,90.70,91.40,94.30,95.20,93.40,90.40,91.60,87.70,86.30,86.90,92.90,83.70,87.90,,NA,NA,NA,NA,NA,NA,NA,NA,NA,NA,NA,NA,NA,NA,NA,NA,NA,NA,NA,NA,NA,NA,NA,NA,NA,NA,NA,NA,NA,NA,,,,,,,,,,,,,,,,,,
32. Mothers who consumed iron folic acid for 100 days or more when they were pregnant (%),27.70,28.00,17.20,18.80,21.90,24.40,20.60,24.40,26.10,32.90,29.20,25.80,26.30,26.70,28.70,24.20,23.60,34.10,35.70,24.30,27.30,49.20,35.40,40.90,15.20,17.50,16.60,24.40,14.90,19.10,,NA,NA,NA,NA,NA,NA,NA,NA,NA,NA,NA,NA,NA,NA,NA,NA,NA,NA,NA,NA,NA,NA,NA,NA,NA,NA,NA,NA,NA,NA,,,,,,,,,,,,,,,,,,
33. Mothers who had full antenatal care7 (%),9.40,9.60,3.80,5.90,2.30,5.70,3.90,7.20,15.30,23.20,18.90,10.30,11.90,11.40,14.70,10.90,10.70,16.90,18.70,7.80,11.10,29.20,14.70,20.50,7.70,4.50,5.80,12.50,3.60,7.60,,NA,NA,NA,NA,NA,NA,NA,NA,NA,NA,NA,NA,NA,NA,NA,NA,NA,NA,NA,NA,NA,NA,NA,NA,NA,NA,NA,NA,NA,NA,,,,,,,,,,,,,,,,,,
34. Registered pregnancies for which the mother received Mother and Child Protection (MCP) card (%),92.60,92.50,97.30,97.80,98.20,96.20,97.70,98.10,92.90,95.70,94.30,94.90,95.10,94.30,94.40,95.70,95.70,99.50,99.50,97.50,97.30,97.30,91.10,93.70,90.00,88.70,89.20,90.50,88.90,89.70,,NA,NA,NA,NA,NA,NA,NA,NA,NA,NA,NA,NA,NA,NA,NA,NA,NA,NA,NA,NA,NA,NA,NA,NA,NA,NA,NA,NA,NA,NA,,,,,,,,,,,,,,,,,,
35. Mothers who received postnatal care from a doctor/nurse/LHV/ANM/midwife/other health personnel within 2 days of delivery (%),45.30,45.60,48.30,47.90,53.90,57.50,51.40,52.70,78.20,57.40,68.60,54.70,56.30,51.20,56.40,41.30,42.10,55.90,58.00,49.20,50.70,72.70,50.80,59.50,51.40,43.00,46.40,63.70,43.80,52.70,,NA,NA,NA,NA,NA,NA,NA,NA,NA,NA,NA,NA,NA,NA,NA,NA,NA,NA,NA,NA,NA,NA,NA,NA,NA,NA,NA,NA,NA,NA,,,,,,,,,,,,,,,,,,
36. Mothers who received financial assistance under Janani Suraksha Yojana (JSY) for births delivered in an institution (%),80.00,79.20,68.30,67.10,63.80,62.70,68.90,64.90,46.80,53.90,50.00,58.40,60.90,83.60,81.60,77.20,76.80,61.50,60.80,55.40,50.30,45.30,43.40,44.30,32.40,46.70,40.80,31.70,28.60,30.20,,NA,NA,NA,NA,NA,NA,NA,NA,NA,NA,NA,NA,NA,NA,NA,NA,NA,NA,NA,NA,NA,NA,NA,NA,NA,NA,NA,NA,NA,NA,,,,,,,,,,,,,,,,,,
37. Average out of pocket expenditure per delivery in public health facility (Rs.),2492.00,2483.00,2110.00,2097.00,3406.00,3455.00,1228.00,1430.00,2042.00,1858.00,1954.00,1475.00,1478.00,1213.00,1221.00,2317.00,2299.00,1835.00,3017.00,1630.00,1943.00,2969.00,7058.00,5122.00,2055.00,3384.00,2899.00,2136.00,1946.00,2043.00,,NA,NA,NA,NA,NA,NA,NA,NA,NA,NA,NA,NA,NA,NA,NA,NA,NA,NA,NA,NA,NA,NA,NA,NA,NA,NA,NA,NA,NA,NA,,,,,,,,,,,,,,,,,,
38. Children born at home who were taken to a health facility for check-up within 24 hours of birth (%),1.20,1.20,1.10,1.00,1.10,1.10,0.00,0.00,NA,0.00,6.30,-2.20,-4.00,0.00,0.00,2.90,2.80,0.00,0.00,0.00,0.00,0.00,2.80,2.30,1.00,1.10,1.10,6.70,2.90,4.20,,NA,NA,NA,NA,NA,NA,NA,NA,*,NA,NA,NA,NA,NA,NA,NA,NA,NA,NA,NA,NA,NA,NA,NA,NA,NA,NA,NA,NA,NA,,,,,,,,,,,,,,,,,,
39. Children who received postnatal care from a doctor/nurse/LHV/ANM/midwife/other health personnel within 2 days of delivery (%),13.40,14.40,30.90,30.90,28.90,30.20,9.00,10.70,37.00,24.10,31.00,14.40,15.70,12.90,12.00,13.60,14.80,27.90,29.60,9.60,10.80,22.90,15.40,18.40,13.70,15.00,14.50,21.20,12.10,16.20,,NA,NA,NA,NA,NA,NA,NA,NA,NA,NA,NA,NA,NA,NA,NA,NA,NA,NA,NA,NA,NA,NA,NA,NA,NA,NA,NA,NA,NA,NA,,,,,,,,,,,,,,,,,,
40. Institutional births (%),64.40,65.10,50.10,53.30,63.60,66.50,66.90,71.10,85.40,81.70,83.70,72.30,74.50,68.90,73.00,56.00,55.90,64.00,66.30,71.90,73.30,81.90,54.30,64.70,71.90,64.50,67.50,74.20,54.70,62.80,,NA,NA,NA,NA,NA,NA,NA,NA,NA,NA,NA,NA,NA,NA,NA,NA,NA,NA,NA,NA,NA,NA,NA,NA,NA,NA,NA,NA,NA,NA,,,,,,,,,,,,,,,,,,
41. Institutional births in public facility (%),58.90,58.90,47.10,49.40,57.80,59.80,57.40,59.40,46.60,52.70,49.50,57.30,59.70,62.70,65.30,49.90,49.60,56.60,57.80,57.70,54.10,49.20,36.40,41.20,38.50,40.20,39.50,29.20,19.90,23.80,,NA,NA,NA,NA,NA,NA,NA,NA,NA,NA,NA,NA,NA,NA,NA,NA,NA,NA,NA,NA,NA,NA,NA,NA,NA,NA,NA,NA,NA,NA,,,,,,,,,,,,,,,,,,
42. Home delivery conducted by skilled health personnel (out of total deliveries) (%),1.70,1.60,6.80,7.30,1.10,1.00,1.50,1.30,1.40,3.60,2.40,1.30,1.50,2.60,2.20,6.80,6.90,3.60,3.30,2.00,2.70,6.90,12.20,10.20,7.90,9.50,8.80,3.20,3.80,3.50,,NA,NA,NA,NA,NA,NA,NA,NA,NA,NA,NA,NA,NA,NA,NA,NA,NA,NA,NA,NA,NA,NA,NA,NA,NA,NA,NA,NA,NA,NA,,,,,,,,,,,,,,,,,,
43. Births assisted by a doctor/nurse/LHV/ANM/other health personnel (%),64.80,65.50,57.20,61.80,64.80,67.60,67.70,71.90,86.00,84.40,85.20,72.20,74.90,72.00,75.60,62.30,62.30,67.60,69.60,71.50,74.00,85.90,61.10,70.40,77.60,68.50,72.10,75.10,55.30,63.60,,NA,NA,NA,NA,NA,NA,NA,NA,NA,NA,NA,NA,NA,NA,NA,NA,NA,NA,NA,NA,NA,NA,NA,NA,NA,NA,NA,NA,NA,NA,,,,,,,,,,,,,,,,,,
44. Births delivered by caesarean section (%),3.60,4.70,3.10,4.70,9.30,10.50,4.30,8.00,15.80,17.40,16.60,9.80,11.00,3.50,7.30,8.50,8.70,6.40,8.70,9.60,13.00,33.00,19.60,24.60,17.30,12.20,14.20,16.90,10.30,13.00,,NA,NA,NA,NA,NA,NA,NA,NA,NA,NA,NA,NA,NA,NA,NA,NA,NA,NA,NA,NA,NA,NA,NA,NA,NA,NA,NA,NA,NA,NA,,,,,,,,,,,,,,,,,,
45. Births in a private health facility delivered by caesarean section (%),NA,NA,NA,NA,NA,NA,-25.50,-31.20,30.90,40.80,34.80,-50.00,-53.90,NA,NA,NA,NA,NA,-40.70,-47.60,51.80,66.60,62.60,64.70,41.30,38.20,39.60,29.60,25.00,27.20,,*,*,*,*,*,*,NA,NA,NA,NA,NA,NA,NA,*,*,*,*,*,NA,NA,NA,NA,NA,NA,NA,NA,NA,NA,NA,NA,,,,,,,,,,,,,,,,,,
46. Births in a public health facility delivered by caesarean section (%),4.20,5.00,5.00,7.40,11.80,12.60,3.40,7.20,8.30,10.50,9.40,3.90,5.00,2.70,6.00,11.00,10.80,6.60,9.10,5.00,5.50,22.90,22.90,22.90,9.00,7.40,8.00,12.20,7.80,10.10,,NA,NA,NA,NA,NA,NA,NA,NA,NA,NA,NA,NA,NA,NA,NA,NA,NA,NA,NA,NA,NA,NA,NA,NA,NA,NA,NA,NA,NA,NA,,,,,,,,,,,,,,,,,,
47. Children age 12-23 months fully immunized (BCG measles and 3 doses each of polio/DPT) (%),71.20,72.00,58.70,62.20,71.40,70.30,50.30,51.10,-48.60,69.60,60.70,-60.80,61.20,-69.20,-74.20,61.10,60.20,-58.60,60.60,68.40,68.40,67.30,53.70,59.00,51.30,44.10,47.40,55.50,55.20,55.30,,NA,NA,NA,NA,NA,NA,NA,NA,NA,NA,NA,NA,NA,NA,NA,NA,NA,NA,NA,NA,NA,NA,NA,NA,NA,NA,NA,NA,NA,NA,,,,,,,,,,,,,,,,,,
48. Children age 12-23 months who have received BCG (%),95.00,95.10,92.20,93.20,95.30,95.50,98.40,98.50,-91.10,96.20,94.00,-96.00,96.40,-96.10,-96.80,89.30,89.60,-97.60,97.80,98.60,98.90,98.10,87.50,91.60,88.20,97.10,93.10,86.50,89.20,88.20,,NA,NA,NA,NA,NA,NA,NA,NA,NA,NA,NA,NA,NA,NA,NA,NA,NA,NA,NA,NA,NA,NA,NA,NA,NA,NA,NA,NA,NA,NA,,,,,,,,,,,,,,,,,,
49. Children age 12-23 months who have received 3 doses of polio vaccine (%),72.90,73.60,70.30,74.30,75.50,76.80,58.30,59.00,-61.80,73.50,68.50,-79.00,79.40,-73.50,-77.80,72.20,70.90,-70.80,71.70,81.10,80.20,81.20,67.30,72.60,67.10,58.10,62.20,60.10,65.80,63.60,,NA,NA,NA,NA,NA,NA,NA,NA,NA,NA,NA,NA,NA,NA,NA,NA,NA,NA,NA,NA,NA,NA,NA,NA,NA,NA,NA,NA,NA,NA,,,,,,,,,,,,,,,,,,
50. Children age 12-23 months who have received 3 doses of DPT vaccine (%),85.70,86.10,72.80,76.40,85.00,85.70,85.10,85.40,-82.60,88.10,85.80,-79.70,78.20,-88.00,-89.90,89.30,89.60,-82.20,83.70,91.90,92.00,87.10,69.40,76.20,78.60,73.50,75.80,76.70,74.00,75.00,,NA,NA,NA,NA,NA,NA,NA,NA,NA,NA,NA,NA,NA,NA,NA,NA,NA,NA,NA,NA,NA,NA,NA,NA,NA,NA,NA,NA,NA,NA,,,,,,,,,,,,,,,,,,
51. Children age 12-23 months who have received measles vaccine (%),95.00,95.10,81.10,81.60,89.20,87.20,85.30,85.60,-80.10,93.10,87.50,-81.90,80.10,-88.50,-90.30,79.80,80.50,-84.10,85.50,85.00,86.30,85.50,74.20,78.50,75.10,81.70,78.70,73.00,71.20,71.90,,NA,NA,NA,NA,NA,NA,NA,NA,NA,NA,NA,NA,NA,NA,NA,NA,NA,NA,NA,NA,NA,NA,NA,NA,NA,NA,NA,NA,NA,NA,,,,,,,,,,,,,,,,,,
52. Children age 12-23 months who have received 3 doses of Hepatitis B vaccine (%),64.00,65.00,49.60,54.30,58.80,58.30,50.30,51.20,-54.50,67.10,61.70,-67.40,65.40,-70.80,-71.50,60.90,60.00,-49.50,52.30,52.10,52.00,68.20,56.70,61.10,53.70,58.10,56.10,59.40,61.40,60.60,,NA,NA,NA,NA,NA,NA,NA,NA,NA,NA,NA,NA,NA,NA,NA,NA,NA,NA,NA,NA,NA,NA,NA,NA,NA,NA,NA,NA,NA,NA,,,,,,,,,,,,,,,,,,
53. Children age 9-59 months who received a vitamin A dose in last 6 months (%),28.40,28.40,39.50,38.60,46.70,49.10,27.10,29.00,33.10,36.20,34.60,42.40,40.30,46.00,46.10,33.00,34.10,53.70,53.40,33.60,35.70,56.10,45.60,49.50,37.60,40.80,39.50,31.50,26.20,28.30,,NA,NA,NA,NA,NA,NA,NA,NA,NA,NA,NA,NA,NA,NA,NA,NA,NA,NA,NA,NA,NA,NA,NA,NA,NA,NA,NA,NA,NA,NA,,,,,,,,,,,,,,,,,,
54. Children age 12-23 months who received most of the vaccinations in public health facility (%),98.30,98.40,80.40,80.90,95.00,95.30,98.60,98.60,-86.40,88.10,87.40,-87.70,88.90,-92.20,-91.40,94.60,94.80,-96.20,96.50,100.00,95.80,83.60,94.00,89.80,93.40,93.70,93.60,84.00,91.90,88.90,,NA,NA,NA,NA,NA,NA,NA,NA,NA,NA,NA,NA,NA,NA,NA,NA,NA,NA,NA,NA,NA,NA,NA,NA,NA,NA,NA,NA,NA,NA,,,,,,,,,,,,,,,,,,
55. Children age 12-23 months who received most of the vaccinations in private health facility (%),0.00,0.00,2.00,1.70,1.90,1.80,0.00,0.00,-11.60,11.90,11.80,-12.30,11.10,0.00,-2.10,0.00,0.00,-3.80,3.50,0.00,4.20,16.40,2.40,8.00,5.40,2.90,4.00,12.90,5.10,8.10,,NA,NA,NA,NA,NA,NA,NA,NA,NA,NA,NA,NA,NA,NA,NA,NA,NA,NA,NA,NA,NA,NA,NA,NA,NA,NA,NA,NA,NA,NA,,,,,,,,,,,,,,,,,,
56. Prevalence of diarrhoea (reported) in the last 2 weeks preceding the survey (%),21.20,21.90,21.40,20.10,15.20,14.40,14.90,14.50,15.60,20.50,17.90,13.00,14.70,23.20,21.10,21.20,21.10,15.80,15.10,14.90,15.20,18.90,14.50,16.20,13.10,16.20,15.00,22.00,15.20,18.00,,NA,NA,NA,NA,NA,NA,NA,NA,NA,NA,NA,NA,NA,NA,NA,NA,NA,NA,NA,NA,NA,NA,NA,NA,NA,NA,NA,NA,NA,NA,,,,,,,,,,,,,,,,,,
57. Children with diarrhoea in the last 2 weeks who received oral rehydration salts (ORS) (%),62.20,60.90,60.50,60.80,-69.00,-69.90,-50.90,53.90,-59.40,53.90,56.40,-61.70,-64.00,-28.50,31.90,46.00,46.50,-63.50,-64.10,-42.60,43.10,54.70,51.20,52.80,49.60,47.80,48.40,74.00,53.30,63.80,,NA,NA,NA,NA,NA,NA,NA,NA,NA,NA,NA,NA,NA,NA,NA,NA,NA,NA,NA,NA,NA,NA,NA,NA,NA,NA,NA,NA,NA,NA,,,,,,,,,,,,,,,,,,
58. Children with diarrhoea in the last 2 weeks who received zinc (%),58.80,58.50,7.70,6.90,-19.70,-19.10,-54.70,57.40,-39.50,7.00,22.20,-67.20,-65.40,-10.80,14.10,8.60,9.50,-11.90,-11.70,-21.40,19.60,20.10,13.00,16.10,15.90,18.00,17.30,49.00,43.30,46.20,,NA,NA,NA,NA,NA,NA,NA,NA,NA,NA,NA,NA,NA,NA,NA,NA,NA,NA,NA,NA,NA,NA,NA,NA,NA,NA,NA,NA,NA,NA,,,,,,,,,,,,,,,,,,
59. Children with diarrhoea in the last 2 weeks taken to a health facility (%),84.20,83.70,48.70,50.20,-68.50,-69.50,-81.10,78.40,-74.20,76.40,75.40,-85.10,-84.10,-49.70,52.80,57.50,57.90,-42.70,-43.60,-64.30,64.30,77.00,56.80,65.60,70.30,84.10,79.30,81.50,85.60,83.50,,NA,NA,NA,NA,NA,NA,NA,NA,NA,NA,NA,NA,NA,NA,NA,NA,NA,NA,NA,NA,NA,NA,NA,NA,NA,NA,NA,NA,NA,NA,,,,,,,,,,,,,,,,,,
60. Prevalence of symptoms of acute respiratory infection (ARI) in the last 2 weeks preceding the survey (%),5.50,5.30,5.50,5.00,2.30,2.10,1.50,1.30,0.00,2.30,1.10,4.40,4.70,5.00,4.50,6.60,6.50,3.60,3.40,7.90,7.90,6.90,4.20,5.20,4.20,6.40,5.50,7.20,6.40,6.70,,NA,NA,NA,NA,NA,NA,NA,NA,NA,NA,NA,NA,NA,NA,NA,NA,NA,NA,NA,NA,NA,NA,NA,NA,NA,NA,NA,NA,NA,NA,,,,,,,,,,,,,,,,,,
61. Children with fever or symptoms of ARI in the last 2 weeks preceding the survey taken to a health facility (%),-82.90,-82.40,59.90,64.10,80.80,80.80,-78.20,-78.80,-91.80,78.80,85.00,86.80,85.30,64.00,68.30,60.90,60.00,63.40,63.50,64.30,67.90,86.00,74.50,79.60,78.80,74.40,76.40,90.30,82.90,86.60,,NA,NA,NA,NA,NA,NA,NA,NA,NA,NA,NA,NA,NA,NA,NA,NA,NA,NA,NA,NA,NA,NA,NA,NA,NA,NA,NA,NA,NA,NA,,,,,,,,,,,,,,,,,,
62. Children under age 3 years breastfed within one hour of birth8 (%),31.40,31.20,43.90,42.90,53.50,52.90,37.90,35.10,29.80,31.50,30.60,24.70,26.30,25.00,26.50,32.40,33.20,29.90,29.20,33.00,32.90,25.90,31.30,29.30,20.70,26.20,23.90,28.10,15.00,20.90,,NA,NA,NA,NA,NA,NA,NA,NA,NA,NA,NA,NA,NA,NA,NA,NA,NA,NA,NA,NA,NA,NA,NA,NA,NA,NA,NA,NA,NA,NA,,,,,,,,,,,,,,,,,,
63. Children under age 6 months exclusively breastfed9 (%),-67.70,-68.80,NA,NA,NA,NA,-45.30,-43.70,NA,NA,-69.00,-62.50,-59.90,-49.00,-47.80,-21.50,-21.50,-44.30,-44.10,-58.90,-60.00,NA,-49.40,48.50,-37.00,-43.50,41.40,47.80,-55.70,51.10,,NA,NA,*,*,*,*,NA,NA,*,*,NA,NA,NA,NA,NA,NA,NA,NA,NA,NA,NA,*,NA,NA,NA,NA,NA,NA,NA,NA,,,,,,,,,,,,,,,,,,
64. Children age 6-8 months receiving solid or semi-solid food and breastmilk9 (%),NA,NA,NA,NA,NA,NA,NA,NA,NA,NA,-55.60,NA,NA,NA,NA,NA,NA,-47.60,-48.90,NA,NA,NA,NA,-39.40,NA,NA,-45.50,NA,-50.20,47.10,,*,*,*,*,*,*,*,*,*,*,NA,*,*,*,*,*,*,NA,NA,*,*,*,*,NA,*,*,NA,*,NA,NA,,,,,,,,,,,,,,,,,,
65. Breastfeeding children age 6-23 months receiving an adequate diet9 10 (%),6.40,6.10,8.90,9.30,11.20,10.70,7.70,6.60,10.50,14.60,12.60,1.60,2.80,-13.60,14.70,11.70,11.50,9.40,11.10,10.30,10.60,21.70,7.80,13.40,13.30,6.80,9.40,5.50,1.60,3.10,,NA,NA,NA,NA,NA,NA,NA,NA,NA,NA,NA,NA,NA,NA,NA,NA,NA,NA,NA,NA,NA,NA,NA,NA,NA,NA,NA,NA,NA,NA,,,,,,,,,,,,,,,,,,
66. Non-breastfeeding children age 6-23 months receiving an adequate diet9 10 (%),NA,NA,NA,NA,NA,NA,NA,NA,NA,NA,NA,NA,NA,NA,NA,NA,NA,NA,NA,NA,NA,NA,NA,-3.10,-32.10,NA,-19.30,-2.80,-6.70,5.00,,*,*,*,*,*,*,*,*,*,*,*,*,*,*,*,*,*,*,*,*,*,*,*,NA,NA,*,NA,NA,NA,NA,,,,,,,,,,,,,,,,,,
67. Total children age 6-23 months receiving an adequate diet9 10 (%),5.50,5.30,10.90,10.70,10.40,9.60,6.60,5.70,9.60,13.20,11.50,2.80,3.70,13.10,13.70,11.30,11.10,9.10,10.60,9.80,9.80,19.50,6.90,12.00,17.70,6.60,11.30,4.80,2.60,3.50,,NA,NA,NA,NA,NA,NA,NA,NA,NA,NA,NA,NA,NA,NA,NA,NA,NA,NA,NA,NA,NA,NA,NA,NA,NA,NA,NA,NA,NA,NA,,,,,,,,,,,,,,,,,,
68. Children under 5 years who are stunted11 (%),36.20,35.20,37.50,33.70,29.00,29.90,32.20,30.10,24.90,32.90,28.50,22.90,22.90,31.60,30.60,25.20,25.10,34.30,32.90,31.40,30.50,29.50,33.70,32.10,39.30,36.80,37.80,39.90,38.50,39.10,,NA,NA,NA,NA,NA,NA,NA,NA,NA,NA,NA,NA,NA,NA,NA,NA,NA,NA,NA,NA,NA,NA,NA,NA,NA,NA,NA,NA,NA,NA,,,,,,,,,,,,,,,,,,
69. Children under 5 years who are wasted11 (%),40.10,39.40,19.00,18.00,19.50,18.40,45.60,46.90,29.80,30.40,30.10,25.10,27.40,23.40,20.60,26.40,26.30,13.70,14.40,17.10,17.40,9.20,8.90,9.00,10.10,13.10,12.00,14.50,10.70,12.30,,NA,NA,NA,NA,NA,NA,NA,NA,NA,NA,NA,NA,NA,NA,NA,NA,NA,NA,NA,NA,NA,NA,NA,NA,NA,NA,NA,NA,NA,NA,,,,,,,,,,,,,,,,,,
70. Children under 5 years who are severely wasted12 (%),24.00,23.60,8.20,7.20,8.20,7.50,26.10,28.10,9.50,15.00,12.00,16.90,18.10,10.20,9.20,13.30,13.50,6.80,7.70,5.90,6.10,2.90,4.10,3.70,2.60,4.10,3.50,6.80,4.30,5.30,,NA,NA,NA,NA,NA,NA,NA,NA,NA,NA,NA,NA,NA,NA,NA,NA,NA,NA,NA,NA,NA,NA,NA,NA,NA,NA,NA,NA,NA,NA,,,,,,,,,,,,,,,,,,
71. Children under 5 years who are underweight11 (%),41.40,40.30,23.50,22.30,26.90,25.90,41.90,44.20,27.60,34.50,30.70,27.10,27.90,18.20,16.60,27.30,27.20,23.00,22.50,20.40,21.20,14.00,18.80,17.00,31.60,24.20,27.10,22.80,26.00,24.70,,NA,NA,NA,NA,NA,NA,NA,NA,NA,NA,NA,NA,NA,NA,NA,NA,NA,NA,NA,NA,NA,NA,NA,NA,NA,NA,NA,NA,NA,NA,,,,,,,,,,,,,,,,,,
72. Women whose Body Mass Index (BMI) is below normal (BMI <18.5 kg/m2) (%),17.10,16.90,16.50,15.20,15.40,14.80,20.50,18.10,17.90,13.00,16.20,18.40,16.60,14.90,13.50,25.10,24.90,25.20,24.80,21.90,20.60,15.00,18.90,17.20,15.40,21.50,19.10,15.40,24.90,20.70,,NA,NA,NA,NA,NA,NA,NA,NA,NA,NA,NA,NA,NA,NA,NA,NA,NA,NA,NA,NA,NA,NA,NA,NA,NA,NA,NA,NA,NA,NA,,,,,,,,,,,,,,,,,,
73. Men whose Body Mass Index (BMI) is below normal (BMI <18.5 kg/m2) (%),14.40,16.40,16.90,12.80,16.90,17.30,19.20,16.20,8.90,9.20,9.00,18.90,18.40,9.90,8.20,14.90,13.80,30.90,32.50,22.00,21.60,16.20,20.50,18.60,16.10,23.20,20.20,12.70,19.70,17.10,,NA,NA,NA,NA,NA,NA,NA,NA,NA,NA,NA,NA,NA,NA,NA,NA,NA,NA,NA,NA,NA,NA,NA,NA,NA,NA,NA,NA,NA,NA,,,,,,,,,,,,,,,,,,
74. Women who are overweight or obese (BMI >=25.0 kg/m2) (%),10.30,11.50,12.90,16.60,11.40,12.40,4.50,5.30,24.40,24.40,24.40,16.60,17.50,14.90,19.00,9.70,10.20,7.70,9.20,13.60,17.10,32.00,23.50,27.20,32.30,20.10,24.80,32.50,17.30,24.00,,NA,NA,NA,NA,NA,NA,NA,NA,NA,NA,NA,NA,NA,NA,NA,NA,NA,NA,NA,NA,NA,NA,NA,NA,NA,NA,NA,NA,NA,NA,,,,,,,,,,,,,,,,,,
75. Men who are overweight or obese (BMI >=25.0 kg/m2) (%),7.50,11.30,8.20,10.20,12.10,10.70,6.30,5.90,23.10,18.40,21.60,12.40,14.00,14.60,18.30,16.70,16.50,13.80,13.70,23.20,19.30,24.30,18.70,21.30,24.80,12.80,17.90,25.10,15.80,19.30,,NA,NA,NA,NA,NA,NA,NA,NA,NA,NA,NA,NA,NA,NA,NA,NA,NA,NA,NA,NA,NA,NA,NA,NA,NA,NA,NA,NA,NA,NA,,,,,,,,,,,,,,,,,,
76. Children age 6-59 months who are anaemic (<11.0 g/dl) (%),76.30,76.20,54.00,53.60,60.30,58.60,60.50,59.90,50.30,50.80,50.60,57.80,58.10,41.80,42.30,49.10,49.00,48.20,48.60,42.60,46.10,61.60,55.80,58.00,66.50,63.50,64.60,70.40,71.50,71.10,,NA,NA,NA,NA,NA,NA,NA,NA,NA,NA,NA,NA,NA,NA,NA,NA,NA,NA,NA,NA,NA,NA,NA,NA,NA,NA,NA,NA,NA,NA,,,,,,,,,,,,,,,,,,
77. Non-pregnant women age 15-49 years who are anaemic (<12.0 g/dl) (%),52.20,52.30,36.30,37.30,38.80,37.80,44.70,45.00,40.60,45.20,42.30,44.30,43.00,35.00,34.30,41.50,41.10,32.30,32.70,33.70,35.70,39.60,37.20,38.30,47.60,55.20,52.30,48.30,60.10,54.90,,NA,NA,NA,NA,NA,NA,NA,NA,NA,NA,NA,NA,NA,NA,NA,NA,NA,NA,NA,NA,NA,NA,NA,NA,NA,NA,NA,NA,NA,NA,,,,,,,,,,,,,,,,,,
78. Pregnant women age 15-49 years who are anaemic (<11.0 g/dl) (%),-60.90,-60.20,-45.50,-44.50,-59.90,-56.50,-44.10,-34.50,-41.20,23.80,33.40,NA,NA,-42.00,-42.00,-47.10,-47.10,-43.20,-40.40,NA,-33.50,-43.00,-40.40,41.50,43.00,60.50,53.00,61.00,62.20,61.70,,NA,NA,NA,NA,NA,NA,NA,NA,NA,NA,NA,*,*,NA,NA,NA,NA,NA,NA,*,NA,NA,NA,NA,NA,NA,NA,NA,NA,NA,,,,,,,,,,,,,,,,,,
79. All women age 15-49 years who are anaemic (%),52.60,52.60,36.70,37.60,39.50,38.40,44.70,44.60,40.70,44.10,41.90,43.80,42.40,35.30,34.50,41.70,41.30,32.70,32.90,33.80,35.60,39.70,37.30,38.40,47.40,55.40,52.30,48.90,60.20,55.30,,NA,NA,NA,NA,NA,NA,NA,NA,NA,NA,NA,NA,NA,NA,NA,NA,NA,NA,NA,NA,NA,NA,NA,NA,NA,NA,NA,NA,NA,NA,,,,,,,,,,,,,,,,,,
80. Men age 15-49 years who are anaemic (<13.0 g/dl) (%),25.90,23.80,14.80,16.60,11.50,10.10,10.50,10.20,15.30,12.70,14.50,7.70,6.80,10.50,10.00,17.20,15.90,20.30,20.40,13.70,16.10,16.70,14.00,15.20,20.20,15.40,17.50,11.80,22.70,18.60,,NA,NA,NA,NA,NA,NA,NA,NA,NA,NA,NA,NA,NA,NA,NA,NA,NA,NA,NA,NA,NA,NA,NA,NA,NA,NA,NA,NA,NA,NA,,,,,,,,,,,,,,,,,,
81. Blood sugar level - high (>140 mg/dl) (%),4.30,4.50,3.80,3.90,3.80,3.90,4.60,4.40,5.40,6.30,5.70,7.90,7.10,6.60,6.40,4.30,4.30,4.60,4.80,8.50,8.00,6.90,7.50,7.30,8.40,6.70,7.40,6.20,6.60,6.50,,NA,NA,NA,NA,NA,NA,NA,NA,NA,NA,NA,NA,NA,NA,NA,NA,NA,NA,NA,NA,NA,NA,NA,NA,NA,NA,NA,NA,NA,NA,,,,,,,,,,,,,,,,,,
82. Blood sugar level - very high (>160 mg/dl) (%),2.10,2.10,2.10,1.90,1.70,1.60,1.40,1.50,2.60,2.30,2.40,3.40,3.20,1.80,1.70,1.90,1.90,1.10,1.20,2.60,2.50,3.40,2.20,2.70,3.80,3.00,3.30,3.10,2.10,2.60,,NA,NA,NA,NA,NA,NA,NA,NA,NA,NA,NA,NA,NA,NA,NA,NA,NA,NA,NA,NA,NA,NA,NA,NA,NA,NA,NA,NA,NA,NA,,,,,,,,,,,,,,,,,,
83. Blood sugar level - high (>140 mg/dl) (%),10.40,10.00,2.40,1.80,2.30,4.50,4.00,9.60,11.00,3.40,8.50,5.90,5.40,12.60,9.20,12.50,12.60,6.50,5.40,13.00,10.70,4.70,12.20,8.80,9.10,11.80,10.70,12.70,7.90,9.70,,NA,NA,NA,NA,NA,NA,NA,NA,NA,NA,NA,NA,NA,NA,NA,NA,NA,NA,NA,NA,NA,NA,NA,NA,NA,NA,NA,NA,NA,NA,,,,,,,,,,,,,,,,,,
84. Blood sugar level - very high (>160 mg/dl) (%),2.60,2.30,1.20,0.90,0.00,2.40,0.00,3.20,8.50,2.50,6.50,2.40,1.80,5.10,3.80,2.00,1.90,3.90,3.20,8.40,6.70,4.70,3.10,3.80,3.60,8.00,6.10,6.40,3.50,4.60,,NA,NA,NA,NA,NA,NA,NA,NA,NA,NA,NA,NA,NA,NA,NA,NA,NA,NA,NA,NA,NA,NA,NA,NA,NA,NA,NA,NA,NA,NA,,,,,,,,,,,,,,,,,,
85. Slightly above normal (Systolic 140-159 mm of Hg and/or Diastolic 90-99 mm of Hg) (%),5.30,5.50,5.80,6.00,5.00,5.20,3.70,3.80,7.50,6.80,7.30,5.80,6.00,6.00,7.30,4.40,4.30,7.90,8.20,8.60,8.90,10.10,8.90,9.40,8.00,8.20,8.10,8.40,6.80,7.50,,NA,NA,NA,NA,NA,NA,NA,NA,NA,NA,NA,NA,NA,NA,NA,NA,NA,NA,NA,NA,NA,NA,NA,NA,NA,NA,NA,NA,NA,NA,,,,,,,,,,,,,,,,,,
86. Moderately high (Systolic 160-179 mm of Hg and/or Diastolic 100-109 mm of Hg) (%),0.80,0.90,0.40,0.50,1.10,1.00,0.30,0.40,0.90,1.10,0.90,1.80,2.30,1.10,1.00,0.70,0.70,1.00,1.20,1.90,2.00,2.20,2.00,2.10,3.00,2.60,2.80,2.30,1.40,1.80,,NA,NA,NA,NA,NA,NA,NA,NA,NA,NA,NA,NA,NA,NA,NA,NA,NA,NA,NA,NA,NA,NA,NA,NA,NA,NA,NA,NA,NA,NA,,,,,,,,,,,,,,,,,,
87. Very high (Systolic ?180 mm of Hg and/or Diastolic ?110 mm of Hg) (%),0.20,0.20,0.40,0.60,0.10,0.10,0.20,0.30,1.00,0.60,0.90,0.00,0.00,0.90,0.90,0.80,0.90,0.10,0.20,0.10,0.20,1.20,0.70,0.90,1.30,1.30,1.30,1.30,1.10,1.20,,NA,NA,NA,NA,NA,NA,NA,NA,NA,NA,NA,NA,NA,NA,NA,NA,NA,NA,NA,NA,NA,NA,NA,NA,NA,NA,NA,NA,NA,NA,,,,,,,,,,,,,,,,,,
88. Slightly above normal (Systolic 140-159 mm of Hg and/or Diastolic 90-99 mm of Hg) (%),3.50,6.10,11.40,13.90,14.50,15.10,4.20,3.30,13.40,11.40,12.70,18.90,17.20,15.60,17.00,13.40,12.40,16.50,14.90,17.80,14.80,17.90,10.00,13.60,17.00,12.10,14.10,15.80,11.30,13.00,,NA,NA,NA,NA,NA,NA,NA,NA,NA,NA,NA,NA,NA,NA,NA,NA,NA,NA,NA,NA,NA,NA,NA,NA,NA,NA,NA,NA,NA,NA,,,,,,,,,,,,,,,,,,
89. Moderately high (Systolic 160-179 mm of Hg and/or Diastolic 100-109 mm of Hg) (%),2.80,3.70,1.20,2.20,0.00,0.00,0.00,0.00,4.10,3.20,3.80,5.20,4.00,0.00,1.10,0.90,0.80,4.00,3.30,3.00,2.90,3.70,5.20,4.50,5.90,3.40,4.50,5.20,1.50,2.90,,NA,NA,NA,NA,NA,NA,NA,NA,NA,NA,NA,NA,NA,NA,NA,NA,NA,NA,NA,NA,NA,NA,NA,NA,NA,NA,NA,NA,NA,NA,,,,,,,,,,,,,,,,,,
90. Very high (Systolic ?180 mm of Hg and/or Diastolic ?110 mm of Hg) (%),0.70,0.60,0.00,0.00,0.00,0.00,0.00,0.00,1.20,0.90,1.10,0.00,0.00,0.00,0.00,2.40,2.20,1.40,1.20,2.70,1.80,0.00,0.00,0.00,1.20,2.40,1.90,1.20,0.00,0.40,,NA,NA,NA,NA,NA,NA,NA,NA,NA,NA,NA,NA,NA,NA,NA,NA,NA,NA,NA,NA,NA,NA,NA,NA,NA,NA,NA,NA,NA,NA,,,,,,,,,,,,,,,,,,
91. Cervix (%),7.80,8.20,19.80,20.60,22.00,22.90,10.60,12.60,18.60,22.90,20.10,10.20,11.10,28.60,28.60,16.30,16.90,24.30,26.60,17.70,17.70,27.70,17.80,22.00,13.50,8.90,10.70,18.20,10.10,13.70,,NA,NA,NA,NA,NA,NA,NA,NA,NA,NA,NA,NA,NA,NA,NA,NA,NA,NA,NA,NA,NA,NA,NA,NA,NA,NA,NA,NA,NA,NA,,,,,,,,,,,,,,,,,,
92. Breast (%),5.90,6.60,6.60,6.70,4.90,6.00,4.50,6.70,7.80,7.90,7.80,6.10,7.10,7.30,7.90,4.10,4.10,11.70,12.60,7.20,7.60,12.00,8.80,10.20,8.70,7.80,8.20,11.80,9.50,10.50,,NA,NA,NA,NA,NA,NA,NA,NA,NA,NA,NA,NA,NA,NA,NA,NA,NA,NA,NA,NA,NA,NA,NA,NA,NA,NA,NA,NA,NA,NA,,,,,,,,,,,,,,,,,,
93. Oral cavity (%),8.70,9.80,9.80,10.00,10.10,11.70,3.40,5.60,15.00,17.10,15.70,10.90,12.20,12.90,13.50,10.10,10.10,16.60,17.20,11.60,12.40,21.20,14.50,17.40,13.00,9.30,10.70,11.40,8.40,9.80,,NA,NA,NA,NA,NA,NA,NA,NA,NA,NA,NA,NA,NA,NA,NA,NA,NA,NA,NA,NA,NA,NA,NA,NA,NA,NA,NA,NA,NA,NA,,,,,,,,,,,,,,,,,,
